CREATE TABLE IF NOT EXISTS "accounts_user" ("id" integer NOT NULL PRIMARY KEY AUTOINCREMENT, "password" varchar(128) NOT NULL, "last_login" datetime NULL, "is_superuser" bool NOT NULL, "username" varchar(150) NOT NULL UNIQUE, "first_name" varchar(150) NOT NULL, "last_name" varchar(150) NOT NULL, "email" varchar(254) NOT NULL, "is_staff" bool NOT NULL, "is_active" bool NOT NULL, "date_joined" datetime NOT NULL, "role" varchar(50) NULL, "status" varchar(50) NULL, "place" varchar(255) NULL, "latitude" varchar(255) NULL, "longitude" varchar(255) NULL, "willing_to_adopt" varchar(50) NOT NULL, "district" varchar(255) NULL, "state" varchar(255) NULL, "profile_pic" varchar(100) NULL);
INSERT INTO "accounts_user" VALUES(1,'pbkdf2_sha256$390000$sormW5CH4D3HkLerOuerhW$D7mS7AoGebDsxZO9zbt/7stcKNfCcLvKzmfgofPpahw=','2023-04-05 12:51:01.347646',0,'abhi@gmail.com','','','',0,1,'2022-11-29 14:21:51','admin','active',NULL,NULL,NULL,'no',NULL,NULL,NULL);
INSERT INTO "accounts_user" VALUES(2,'pbkdf2_sha256$390000$eBZYx3zAMwBkuSSAnsDxQZ$jVhlEEph/up8GJg5/IaOOPjYmUbfnx3tQUvrk3CIII0=','2023-04-05 12:51:29.465842',0,'abhijithkr7745@gmail.com','','','',0,1,'2023-04-05 11:40:03.280517','user','active',NULL,NULL,NULL,'yes',NULL,NULL,NULL);
INSERT INTO "accounts_user" VALUES(3,'pbkdf2_sha256$390000$EvgPswD0rnaH3PgZEln0Vk$BL8LLwRu1tzN8+ob8ahHieEm56lFUBy5A4B5s47k044=','2023-04-05 12:48:46',1,'abhi','','','',1,1,'2023-04-05 12:48:36','admin','active',NULL,NULL,NULL,'no',NULL,NULL,NULL);
INSERT INTO "accounts_user" VALUES(4,'pbkdf2_sha256$720000$1gZMtU6yXasEBiT1scfx7c$MoSjMUn60wZTNljlyQOGhsY05kdtb4HP+jtWbdNRxIg=','2024-03-02 13:22:07.364504',0,'amalshaji7cr7@gmail.com','Amal','Shaji','',0,1,'2024-02-16 11:59:13.349604','user','active','kottayam',NULL,NULL,'yes',NULL,NULL,'users/profile_pic/4-47732_hacker-boy-hacker_0qUiXc4.jpg');
INSERT INTO "accounts_user" VALUES(5,'pbkdf2_sha256$720000$3W8l8cc75osTX5FXkZoq4H$RIbLRDk5A0YGdXK7zuJfNfN2rRJOEjFCDpGyjSN8PHU=','2024-02-25 07:02:33.409427',0,'subbzero070@gmail.com','Mathews','M','',0,1,'2024-02-24 10:03:41.823406','user','active','kaduthuruthy',NULL,NULL,'yes',NULL,NULL,'users/profile_pic/hacker-3342696_640.jpg');
INSERT INTO "accounts_user" VALUES(6,'pbkdf2_sha256$720000$iokyhuskXjStWhhutrXMs6$ruGj88vXzEEg9C19vTbbMu2oCe0AkG2coepIyM5cYnI=','2024-03-03 05:13:56.039953',1,'admin07@gmail.com','Admin','3','',1,1,'2024-02-26 05:11:37','admin','active','Pala',NULL,NULL,'no',NULL,NULL,'users/profile_pic/-333161115.jpg');
CREATE UNIQUE INDEX "django_content_type_app_label_model_76bd3d3b_uniq" ON "django_content_type" ("app_label", "model");
CREATE UNIQUE INDEX "auth_group_permissions_group_id_permission_id_0cd325b0_uniq" ON "auth_group_permissions" ("group_id", "permission_id");
CREATE INDEX IF NOT EXISTS "auth_group_permissions_group_id_b120cbf9" ON "auth_group_permissions" ("group_id");
CREATE INDEX IF NOT EXISTS "auth_group_permissions_permission_id_84c5c92e" ON "auth_group_permissions" ("permission_id");
CREATE UNIQUE INDEX "auth_permission_content_type_id_codename_01ab375a_uniq" ON "auth_permission" ("content_type_id", "codename");
CREATE INDEX IF NOT EXISTS "auth_permission_content_type_id_2f476e4b" ON "auth_permission" ("content_type_id");
CREATE UNIQUE INDEX "accounts_user_groups_user_id_group_id_59c0b32f_uniq" ON "accounts_user_groups" ("user_id", "group_id");
CREATE INDEX IF NOT EXISTS "accounts_user_groups_user_id_52b62117" ON "accounts_user_groups" ("user_id");
CREATE INDEX IF NOT EXISTS "accounts_user_groups_group_id_bd11a704" ON "accounts_user_groups" ("group_id");
CREATE UNIQUE INDEX "accounts_user_user_permissions_user_id_permission_id_2ab516c2_uniq" ON "accounts_user_user_permissions" ("user_id", "permission_id");
CREATE INDEX IF NOT EXISTS "accounts_user_user_permissions_user_id_e4f0a161" ON "accounts_user_user_permissions" ("user_id");
CREATE INDEX IF NOT EXISTS "accounts_user_user_permissions_permission_id_113bb443" ON "accounts_user_user_permissions" ("permission_id");
CREATE INDEX IF NOT EXISTS "django_admin_log_content_type_id_c4bce8eb" ON "django_admin_log" ("content_type_id");
CREATE INDEX IF NOT EXISTS "django_admin_log_user_id_c564eba6" ON "django_admin_log" ("user_id");
CREATE INDEX IF NOT EXISTS "django_session_expire_date_a5c62663" ON "django_session" ("expire_date");
CREATE INDEX IF NOT EXISTS "user_map_details_user_id_c3ddfd43" ON "user_map_details" ("user_id");
CREATE INDEX IF NOT EXISTS "user_dog_pics_map_id_id_debca48a" ON "user_dog_pics" ("map_id_id");
CREATE INDEX IF NOT EXISTS "user_comment_missing_id_id_cec37890" ON "user_comment" ("missing_id_id");
CREATE INDEX IF NOT EXISTS "user_missing_report_missing_id_id_9834d894" ON "user_missing_report" ("missing_id_id");
CREATE INDEX IF NOT EXISTS "user_missing_report_user_id_id_e5e0b5ff" ON "user_missing_report" ("user_id_id");
CREATE INDEX IF NOT EXISTS "user_comment_user_id_id_beed72ca" ON "user_comment" ("user_id_id");
CREATE INDEX IF NOT EXISTS "user_adoption_request_adoption_id_fdb7d1d6" ON "user_adoption_request" ("adoption_id");
CREATE INDEX IF NOT EXISTS "user_adoption_request_user_id_id_9f44cec5" ON "user_adoption_request" ("user_id_id");
CREATE INDEX IF NOT EXISTS "user_missing_case_user_id_id_fc6761b4" ON "user_missing_case" ("user_id_id");
CREATE INDEX IF NOT EXISTS "user_adoption_user_id_id_440a7375" ON "user_adoption" ("user_id_id");
CREATE TABLE IF NOT EXISTS "accounts_user_groups" ("id" integer NOT NULL PRIMARY KEY AUTOINCREMENT, "user_id" bigint NOT NULL REFERENCES "accounts_user" ("id") DEFERRABLE INITIALLY DEFERRED, "group_id" integer NOT NULL REFERENCES "auth_group" ("id") DEFERRABLE INITIALLY DEFERRED);
CREATE UNIQUE INDEX "django_content_type_app_label_model_76bd3d3b_uniq" ON "django_content_type" ("app_label", "model");
CREATE UNIQUE INDEX "auth_group_permissions_group_id_permission_id_0cd325b0_uniq" ON "auth_group_permissions" ("group_id", "permission_id");
CREATE INDEX IF NOT EXISTS "auth_group_permissions_group_id_b120cbf9" ON "auth_group_permissions" ("group_id");
CREATE INDEX IF NOT EXISTS "auth_group_permissions_permission_id_84c5c92e" ON "auth_group_permissions" ("permission_id");
CREATE UNIQUE INDEX "auth_permission_content_type_id_codename_01ab375a_uniq" ON "auth_permission" ("content_type_id", "codename");
CREATE INDEX IF NOT EXISTS "auth_permission_content_type_id_2f476e4b" ON "auth_permission" ("content_type_id");
CREATE UNIQUE INDEX "accounts_user_groups_user_id_group_id_59c0b32f_uniq" ON "accounts_user_groups" ("user_id", "group_id");
CREATE INDEX IF NOT EXISTS "accounts_user_groups_user_id_52b62117" ON "accounts_user_groups" ("user_id");
CREATE INDEX IF NOT EXISTS "accounts_user_groups_group_id_bd11a704" ON "accounts_user_groups" ("group_id");
CREATE UNIQUE INDEX "accounts_user_user_permissions_user_id_permission_id_2ab516c2_uniq" ON "accounts_user_user_permissions" ("user_id", "permission_id");
CREATE INDEX IF NOT EXISTS "accounts_user_user_permissions_user_id_e4f0a161" ON "accounts_user_user_permissions" ("user_id");
CREATE INDEX IF NOT EXISTS "accounts_user_user_permissions_permission_id_113bb443" ON "accounts_user_user_permissions" ("permission_id");
CREATE INDEX IF NOT EXISTS "django_admin_log_content_type_id_c4bce8eb" ON "django_admin_log" ("content_type_id");
CREATE INDEX IF NOT EXISTS "django_admin_log_user_id_c564eba6" ON "django_admin_log" ("user_id");
CREATE INDEX IF NOT EXISTS "django_session_expire_date_a5c62663" ON "django_session" ("expire_date");
CREATE INDEX IF NOT EXISTS "user_map_details_user_id_c3ddfd43" ON "user_map_details" ("user_id");
CREATE INDEX IF NOT EXISTS "user_dog_pics_map_id_id_debca48a" ON "user_dog_pics" ("map_id_id");
CREATE INDEX IF NOT EXISTS "user_comment_missing_id_id_cec37890" ON "user_comment" ("missing_id_id");
CREATE INDEX IF NOT EXISTS "user_missing_report_missing_id_id_9834d894" ON "user_missing_report" ("missing_id_id");
CREATE INDEX IF NOT EXISTS "user_missing_report_user_id_id_e5e0b5ff" ON "user_missing_report" ("user_id_id");
CREATE INDEX IF NOT EXISTS "user_comment_user_id_id_beed72ca" ON "user_comment" ("user_id_id");
CREATE INDEX IF NOT EXISTS "user_adoption_request_adoption_id_fdb7d1d6" ON "user_adoption_request" ("adoption_id");
CREATE INDEX IF NOT EXISTS "user_adoption_request_user_id_id_9f44cec5" ON "user_adoption_request" ("user_id_id");
CREATE INDEX IF NOT EXISTS "user_missing_case_user_id_id_fc6761b4" ON "user_missing_case" ("user_id_id");
CREATE INDEX IF NOT EXISTS "user_adoption_user_id_id_440a7375" ON "user_adoption" ("user_id_id");
CREATE TABLE IF NOT EXISTS "accounts_user_user_permissions" ("id" integer NOT NULL PRIMARY KEY AUTOINCREMENT, "user_id" bigint NOT NULL REFERENCES "accounts_user" ("id") DEFERRABLE INITIALLY DEFERRED, "permission_id" integer NOT NULL REFERENCES "auth_permission" ("id") DEFERRABLE INITIALLY DEFERRED);
CREATE UNIQUE INDEX "django_content_type_app_label_model_76bd3d3b_uniq" ON "django_content_type" ("app_label", "model");
CREATE UNIQUE INDEX "auth_group_permissions_group_id_permission_id_0cd325b0_uniq" ON "auth_group_permissions" ("group_id", "permission_id");
CREATE INDEX IF NOT EXISTS "auth_group_permissions_group_id_b120cbf9" ON "auth_group_permissions" ("group_id");
CREATE INDEX IF NOT EXISTS "auth_group_permissions_permission_id_84c5c92e" ON "auth_group_permissions" ("permission_id");
CREATE UNIQUE INDEX "auth_permission_content_type_id_codename_01ab375a_uniq" ON "auth_permission" ("content_type_id", "codename");
CREATE INDEX IF NOT EXISTS "auth_permission_content_type_id_2f476e4b" ON "auth_permission" ("content_type_id");
CREATE UNIQUE INDEX "accounts_user_groups_user_id_group_id_59c0b32f_uniq" ON "accounts_user_groups" ("user_id", "group_id");
CREATE INDEX IF NOT EXISTS "accounts_user_groups_user_id_52b62117" ON "accounts_user_groups" ("user_id");
CREATE INDEX IF NOT EXISTS "accounts_user_groups_group_id_bd11a704" ON "accounts_user_groups" ("group_id");
CREATE UNIQUE INDEX "accounts_user_user_permissions_user_id_permission_id_2ab516c2_uniq" ON "accounts_user_user_permissions" ("user_id", "permission_id");
CREATE INDEX IF NOT EXISTS "accounts_user_user_permissions_user_id_e4f0a161" ON "accounts_user_user_permissions" ("user_id");
CREATE INDEX IF NOT EXISTS "accounts_user_user_permissions_permission_id_113bb443" ON "accounts_user_user_permissions" ("permission_id");
CREATE INDEX IF NOT EXISTS "django_admin_log_content_type_id_c4bce8eb" ON "django_admin_log" ("content_type_id");
CREATE INDEX IF NOT EXISTS "django_admin_log_user_id_c564eba6" ON "django_admin_log" ("user_id");
CREATE INDEX IF NOT EXISTS "django_session_expire_date_a5c62663" ON "django_session" ("expire_date");
CREATE INDEX IF NOT EXISTS "user_map_details_user_id_c3ddfd43" ON "user_map_details" ("user_id");
CREATE INDEX IF NOT EXISTS "user_dog_pics_map_id_id_debca48a" ON "user_dog_pics" ("map_id_id");
CREATE INDEX IF NOT EXISTS "user_comment_missing_id_id_cec37890" ON "user_comment" ("missing_id_id");
CREATE INDEX IF NOT EXISTS "user_missing_report_missing_id_id_9834d894" ON "user_missing_report" ("missing_id_id");
CREATE INDEX IF NOT EXISTS "user_missing_report_user_id_id_e5e0b5ff" ON "user_missing_report" ("user_id_id");
CREATE INDEX IF NOT EXISTS "user_comment_user_id_id_beed72ca" ON "user_comment" ("user_id_id");
CREATE INDEX IF NOT EXISTS "user_adoption_request_adoption_id_fdb7d1d6" ON "user_adoption_request" ("adoption_id");
CREATE INDEX IF NOT EXISTS "user_adoption_request_user_id_id_9f44cec5" ON "user_adoption_request" ("user_id_id");
CREATE INDEX IF NOT EXISTS "user_missing_case_user_id_id_fc6761b4" ON "user_missing_case" ("user_id_id");
CREATE INDEX IF NOT EXISTS "user_adoption_user_id_id_440a7375" ON "user_adoption" ("user_id_id");
CREATE TABLE IF NOT EXISTS "auth_group" ("id" integer NOT NULL PRIMARY KEY AUTOINCREMENT, "name" varchar(150) NOT NULL UNIQUE);
CREATE UNIQUE INDEX "django_content_type_app_label_model_76bd3d3b_uniq" ON "django_content_type" ("app_label", "model");
CREATE UNIQUE INDEX "auth_group_permissions_group_id_permission_id_0cd325b0_uniq" ON "auth_group_permissions" ("group_id", "permission_id");
CREATE INDEX IF NOT EXISTS "auth_group_permissions_group_id_b120cbf9" ON "auth_group_permissions" ("group_id");
CREATE INDEX IF NOT EXISTS "auth_group_permissions_permission_id_84c5c92e" ON "auth_group_permissions" ("permission_id");
CREATE UNIQUE INDEX "auth_permission_content_type_id_codename_01ab375a_uniq" ON "auth_permission" ("content_type_id", "codename");
CREATE INDEX IF NOT EXISTS "auth_permission_content_type_id_2f476e4b" ON "auth_permission" ("content_type_id");
CREATE UNIQUE INDEX "accounts_user_groups_user_id_group_id_59c0b32f_uniq" ON "accounts_user_groups" ("user_id", "group_id");
CREATE INDEX IF NOT EXISTS "accounts_user_groups_user_id_52b62117" ON "accounts_user_groups" ("user_id");
CREATE INDEX IF NOT EXISTS "accounts_user_groups_group_id_bd11a704" ON "accounts_user_groups" ("group_id");
CREATE UNIQUE INDEX "accounts_user_user_permissions_user_id_permission_id_2ab516c2_uniq" ON "accounts_user_user_permissions" ("user_id", "permission_id");
CREATE INDEX IF NOT EXISTS "accounts_user_user_permissions_user_id_e4f0a161" ON "accounts_user_user_permissions" ("user_id");
CREATE INDEX IF NOT EXISTS "accounts_user_user_permissions_permission_id_113bb443" ON "accounts_user_user_permissions" ("permission_id");
CREATE INDEX IF NOT EXISTS "django_admin_log_content_type_id_c4bce8eb" ON "django_admin_log" ("content_type_id");
CREATE INDEX IF NOT EXISTS "django_admin_log_user_id_c564eba6" ON "django_admin_log" ("user_id");
CREATE INDEX IF NOT EXISTS "django_session_expire_date_a5c62663" ON "django_session" ("expire_date");
CREATE INDEX IF NOT EXISTS "user_map_details_user_id_c3ddfd43" ON "user_map_details" ("user_id");
CREATE INDEX IF NOT EXISTS "user_dog_pics_map_id_id_debca48a" ON "user_dog_pics" ("map_id_id");
CREATE INDEX IF NOT EXISTS "user_comment_missing_id_id_cec37890" ON "user_comment" ("missing_id_id");
CREATE INDEX IF NOT EXISTS "user_missing_report_missing_id_id_9834d894" ON "user_missing_report" ("missing_id_id");
CREATE INDEX IF NOT EXISTS "user_missing_report_user_id_id_e5e0b5ff" ON "user_missing_report" ("user_id_id");
CREATE INDEX IF NOT EXISTS "user_comment_user_id_id_beed72ca" ON "user_comment" ("user_id_id");
CREATE INDEX IF NOT EXISTS "user_adoption_request_adoption_id_fdb7d1d6" ON "user_adoption_request" ("adoption_id");
CREATE INDEX IF NOT EXISTS "user_adoption_request_user_id_id_9f44cec5" ON "user_adoption_request" ("user_id_id");
CREATE INDEX IF NOT EXISTS "user_missing_case_user_id_id_fc6761b4" ON "user_missing_case" ("user_id_id");
CREATE INDEX IF NOT EXISTS "user_adoption_user_id_id_440a7375" ON "user_adoption" ("user_id_id");
CREATE TABLE IF NOT EXISTS "auth_group_permissions" ("id" integer NOT NULL PRIMARY KEY AUTOINCREMENT, "group_id" integer NOT NULL REFERENCES "auth_group" ("id") DEFERRABLE INITIALLY DEFERRED, "permission_id" integer NOT NULL REFERENCES "auth_permission" ("id") DEFERRABLE INITIALLY DEFERRED);
CREATE UNIQUE INDEX "django_content_type_app_label_model_76bd3d3b_uniq" ON "django_content_type" ("app_label", "model");
CREATE UNIQUE INDEX "auth_group_permissions_group_id_permission_id_0cd325b0_uniq" ON "auth_group_permissions" ("group_id", "permission_id");
CREATE INDEX IF NOT EXISTS "auth_group_permissions_group_id_b120cbf9" ON "auth_group_permissions" ("group_id");
CREATE INDEX IF NOT EXISTS "auth_group_permissions_permission_id_84c5c92e" ON "auth_group_permissions" ("permission_id");
CREATE UNIQUE INDEX "auth_permission_content_type_id_codename_01ab375a_uniq" ON "auth_permission" ("content_type_id", "codename");
CREATE INDEX IF NOT EXISTS "auth_permission_content_type_id_2f476e4b" ON "auth_permission" ("content_type_id");
CREATE UNIQUE INDEX "accounts_user_groups_user_id_group_id_59c0b32f_uniq" ON "accounts_user_groups" ("user_id", "group_id");
CREATE INDEX IF NOT EXISTS "accounts_user_groups_user_id_52b62117" ON "accounts_user_groups" ("user_id");
CREATE INDEX IF NOT EXISTS "accounts_user_groups_group_id_bd11a704" ON "accounts_user_groups" ("group_id");
CREATE UNIQUE INDEX "accounts_user_user_permissions_user_id_permission_id_2ab516c2_uniq" ON "accounts_user_user_permissions" ("user_id", "permission_id");
CREATE INDEX IF NOT EXISTS "accounts_user_user_permissions_user_id_e4f0a161" ON "accounts_user_user_permissions" ("user_id");
CREATE INDEX IF NOT EXISTS "accounts_user_user_permissions_permission_id_113bb443" ON "accounts_user_user_permissions" ("permission_id");
CREATE INDEX IF NOT EXISTS "django_admin_log_content_type_id_c4bce8eb" ON "django_admin_log" ("content_type_id");
CREATE INDEX IF NOT EXISTS "django_admin_log_user_id_c564eba6" ON "django_admin_log" ("user_id");
CREATE INDEX IF NOT EXISTS "django_session_expire_date_a5c62663" ON "django_session" ("expire_date");
CREATE INDEX IF NOT EXISTS "user_map_details_user_id_c3ddfd43" ON "user_map_details" ("user_id");
CREATE INDEX IF NOT EXISTS "user_dog_pics_map_id_id_debca48a" ON "user_dog_pics" ("map_id_id");
CREATE INDEX IF NOT EXISTS "user_comment_missing_id_id_cec37890" ON "user_comment" ("missing_id_id");
CREATE INDEX IF NOT EXISTS "user_missing_report_missing_id_id_9834d894" ON "user_missing_report" ("missing_id_id");
CREATE INDEX IF NOT EXISTS "user_missing_report_user_id_id_e5e0b5ff" ON "user_missing_report" ("user_id_id");
CREATE INDEX IF NOT EXISTS "user_comment_user_id_id_beed72ca" ON "user_comment" ("user_id_id");
CREATE INDEX IF NOT EXISTS "user_adoption_request_adoption_id_fdb7d1d6" ON "user_adoption_request" ("adoption_id");
CREATE INDEX IF NOT EXISTS "user_adoption_request_user_id_id_9f44cec5" ON "user_adoption_request" ("user_id_id");
CREATE INDEX IF NOT EXISTS "user_missing_case_user_id_id_fc6761b4" ON "user_missing_case" ("user_id_id");
CREATE INDEX IF NOT EXISTS "user_adoption_user_id_id_440a7375" ON "user_adoption" ("user_id_id");
CREATE TABLE IF NOT EXISTS "auth_permission" ("id" integer NOT NULL PRIMARY KEY AUTOINCREMENT, "content_type_id" integer NOT NULL REFERENCES "django_content_type" ("id") DEFERRABLE INITIALLY DEFERRED, "codename" varchar(100) NOT NULL, "name" varchar(255) NOT NULL);
INSERT INTO "auth_permission" VALUES(1,1,'add_logentry','Can add log entry');
INSERT INTO "auth_permission" VALUES(2,1,'change_logentry','Can change log entry');
INSERT INTO "auth_permission" VALUES(3,1,'delete_logentry','Can delete log entry');
INSERT INTO "auth_permission" VALUES(4,1,'view_logentry','Can view log entry');
INSERT INTO "auth_permission" VALUES(5,2,'add_permission','Can add permission');
INSERT INTO "auth_permission" VALUES(6,2,'change_permission','Can change permission');
INSERT INTO "auth_permission" VALUES(7,2,'delete_permission','Can delete permission');
INSERT INTO "auth_permission" VALUES(8,2,'view_permission','Can view permission');
INSERT INTO "auth_permission" VALUES(9,3,'add_group','Can add group');
INSERT INTO "auth_permission" VALUES(10,3,'change_group','Can change group');
INSERT INTO "auth_permission" VALUES(11,3,'delete_group','Can delete group');
INSERT INTO "auth_permission" VALUES(12,3,'view_group','Can view group');
INSERT INTO "auth_permission" VALUES(13,4,'add_contenttype','Can add content type');
INSERT INTO "auth_permission" VALUES(14,4,'change_contenttype','Can change content type');
INSERT INTO "auth_permission" VALUES(15,4,'delete_contenttype','Can delete content type');
INSERT INTO "auth_permission" VALUES(16,4,'view_contenttype','Can view content type');
INSERT INTO "auth_permission" VALUES(17,5,'add_session','Can add session');
INSERT INTO "auth_permission" VALUES(18,5,'change_session','Can change session');
INSERT INTO "auth_permission" VALUES(19,5,'delete_session','Can delete session');
INSERT INTO "auth_permission" VALUES(20,5,'view_session','Can view session');
INSERT INTO "auth_permission" VALUES(21,6,'add_user','Can add user');
INSERT INTO "auth_permission" VALUES(22,6,'change_user','Can change user');
INSERT INTO "auth_permission" VALUES(23,6,'delete_user','Can delete user');
INSERT INTO "auth_permission" VALUES(24,6,'view_user','Can view user');
INSERT INTO "auth_permission" VALUES(25,7,'add_map_details','Can add map_ details');
INSERT INTO "auth_permission" VALUES(26,7,'change_map_details','Can change map_ details');
INSERT INTO "auth_permission" VALUES(27,7,'delete_map_details','Can delete map_ details');
INSERT INTO "auth_permission" VALUES(28,7,'view_map_details','Can view map_ details');
INSERT INTO "auth_permission" VALUES(29,8,'add_dog_pics','Can add dog_ pics');
INSERT INTO "auth_permission" VALUES(30,8,'change_dog_pics','Can change dog_ pics');
INSERT INTO "auth_permission" VALUES(31,8,'delete_dog_pics','Can delete dog_ pics');
INSERT INTO "auth_permission" VALUES(32,8,'view_dog_pics','Can view dog_ pics');
INSERT INTO "auth_permission" VALUES(33,9,'add_missing_case','Can add missing_case');
INSERT INTO "auth_permission" VALUES(34,9,'change_missing_case','Can change missing_case');
INSERT INTO "auth_permission" VALUES(35,9,'delete_missing_case','Can delete missing_case');
INSERT INTO "auth_permission" VALUES(36,9,'view_missing_case','Can view missing_case');
INSERT INTO "auth_permission" VALUES(37,10,'add_comment','Can add comment');
INSERT INTO "auth_permission" VALUES(38,10,'change_comment','Can change comment');
INSERT INTO "auth_permission" VALUES(39,10,'delete_comment','Can delete comment');
INSERT INTO "auth_permission" VALUES(40,10,'view_comment','Can view comment');
INSERT INTO "auth_permission" VALUES(41,11,'add_missing_report','Can add missing_report');
INSERT INTO "auth_permission" VALUES(42,11,'change_missing_report','Can change missing_report');
INSERT INTO "auth_permission" VALUES(43,11,'delete_missing_report','Can delete missing_report');
INSERT INTO "auth_permission" VALUES(44,11,'view_missing_report','Can view missing_report');
INSERT INTO "auth_permission" VALUES(45,12,'add_adoption','Can add adoption');
INSERT INTO "auth_permission" VALUES(46,12,'change_adoption','Can change adoption');
INSERT INTO "auth_permission" VALUES(47,12,'delete_adoption','Can delete adoption');
INSERT INTO "auth_permission" VALUES(48,12,'view_adoption','Can view adoption');
INSERT INTO "auth_permission" VALUES(49,13,'add_adoption_request','Can add adoption_request');
INSERT INTO "auth_permission" VALUES(50,13,'change_adoption_request','Can change adoption_request');
INSERT INTO "auth_permission" VALUES(51,13,'delete_adoption_request','Can delete adoption_request');
INSERT INTO "auth_permission" VALUES(52,13,'view_adoption_request','Can view adoption_request');
CREATE UNIQUE INDEX "django_content_type_app_label_model_76bd3d3b_uniq" ON "django_content_type" ("app_label", "model");
CREATE UNIQUE INDEX "auth_group_permissions_group_id_permission_id_0cd325b0_uniq" ON "auth_group_permissions" ("group_id", "permission_id");
CREATE INDEX IF NOT EXISTS "auth_group_permissions_group_id_b120cbf9" ON "auth_group_permissions" ("group_id");
CREATE INDEX IF NOT EXISTS "auth_group_permissions_permission_id_84c5c92e" ON "auth_group_permissions" ("permission_id");
CREATE UNIQUE INDEX "auth_permission_content_type_id_codename_01ab375a_uniq" ON "auth_permission" ("content_type_id", "codename");
CREATE INDEX IF NOT EXISTS "auth_permission_content_type_id_2f476e4b" ON "auth_permission" ("content_type_id");
CREATE UNIQUE INDEX "accounts_user_groups_user_id_group_id_59c0b32f_uniq" ON "accounts_user_groups" ("user_id", "group_id");
CREATE INDEX IF NOT EXISTS "accounts_user_groups_user_id_52b62117" ON "accounts_user_groups" ("user_id");
CREATE INDEX IF NOT EXISTS "accounts_user_groups_group_id_bd11a704" ON "accounts_user_groups" ("group_id");
CREATE UNIQUE INDEX "accounts_user_user_permissions_user_id_permission_id_2ab516c2_uniq" ON "accounts_user_user_permissions" ("user_id", "permission_id");
CREATE INDEX IF NOT EXISTS "accounts_user_user_permissions_user_id_e4f0a161" ON "accounts_user_user_permissions" ("user_id");
CREATE INDEX IF NOT EXISTS "accounts_user_user_permissions_permission_id_113bb443" ON "accounts_user_user_permissions" ("permission_id");
CREATE INDEX IF NOT EXISTS "django_admin_log_content_type_id_c4bce8eb" ON "django_admin_log" ("content_type_id");
CREATE INDEX IF NOT EXISTS "django_admin_log_user_id_c564eba6" ON "django_admin_log" ("user_id");
CREATE INDEX IF NOT EXISTS "django_session_expire_date_a5c62663" ON "django_session" ("expire_date");
CREATE INDEX IF NOT EXISTS "user_map_details_user_id_c3ddfd43" ON "user_map_details" ("user_id");
CREATE INDEX IF NOT EXISTS "user_dog_pics_map_id_id_debca48a" ON "user_dog_pics" ("map_id_id");
CREATE INDEX IF NOT EXISTS "user_comment_missing_id_id_cec37890" ON "user_comment" ("missing_id_id");
CREATE INDEX IF NOT EXISTS "user_missing_report_missing_id_id_9834d894" ON "user_missing_report" ("missing_id_id");
CREATE INDEX IF NOT EXISTS "user_missing_report_user_id_id_e5e0b5ff" ON "user_missing_report" ("user_id_id");
CREATE INDEX IF NOT EXISTS "user_comment_user_id_id_beed72ca" ON "user_comment" ("user_id_id");
CREATE INDEX IF NOT EXISTS "user_adoption_request_adoption_id_fdb7d1d6" ON "user_adoption_request" ("adoption_id");
CREATE INDEX IF NOT EXISTS "user_adoption_request_user_id_id_9f44cec5" ON "user_adoption_request" ("user_id_id");
CREATE INDEX IF NOT EXISTS "user_missing_case_user_id_id_fc6761b4" ON "user_missing_case" ("user_id_id");
CREATE INDEX IF NOT EXISTS "user_adoption_user_id_id_440a7375" ON "user_adoption" ("user_id_id");
CREATE TABLE IF NOT EXISTS "django_admin_log" ("id" integer NOT NULL PRIMARY KEY AUTOINCREMENT, "object_id" text NULL, "object_repr" varchar(200) NOT NULL, "action_flag" smallint unsigned NOT NULL CHECK ("action_flag" >= 0), "change_message" text NOT NULL, "content_type_id" integer NULL REFERENCES "django_content_type" ("id") DEFERRABLE INITIALLY DEFERRED, "user_id" bigint NOT NULL REFERENCES "accounts_user" ("id") DEFERRABLE INITIALLY DEFERRED, "action_time" datetime NOT NULL);
INSERT INTO "django_admin_log" VALUES(1,'3','abhi',2,'[{"changed": {"fields": ["Role"]}}]',6,3,'2023-04-05 12:49:43.328051');
INSERT INTO "django_admin_log" VALUES(2,'1','abhi@gmail.com',2,'[{"changed": {"fields": ["Role"]}}]',6,3,'2023-04-05 12:49:53.386074');
INSERT INTO "django_admin_log" VALUES(3,'1','abhi@gmail.com',2,'[{"changed": {"fields": ["Role"]}}]',6,3,'2023-04-05 12:50:02.300149');
INSERT INTO "django_admin_log" VALUES(4,'6','admin07@gmail.com',2,'[{"changed": {"fields": ["Role"]}}]',6,6,'2024-02-26 05:13:27.757086');
CREATE UNIQUE INDEX "django_content_type_app_label_model_76bd3d3b_uniq" ON "django_content_type" ("app_label", "model");
CREATE UNIQUE INDEX "auth_group_permissions_group_id_permission_id_0cd325b0_uniq" ON "auth_group_permissions" ("group_id", "permission_id");
CREATE INDEX IF NOT EXISTS "auth_group_permissions_group_id_b120cbf9" ON "auth_group_permissions" ("group_id");
CREATE INDEX IF NOT EXISTS "auth_group_permissions_permission_id_84c5c92e" ON "auth_group_permissions" ("permission_id");
CREATE UNIQUE INDEX "auth_permission_content_type_id_codename_01ab375a_uniq" ON "auth_permission" ("content_type_id", "codename");
CREATE INDEX IF NOT EXISTS "auth_permission_content_type_id_2f476e4b" ON "auth_permission" ("content_type_id");
CREATE UNIQUE INDEX "accounts_user_groups_user_id_group_id_59c0b32f_uniq" ON "accounts_user_groups" ("user_id", "group_id");
CREATE INDEX IF NOT EXISTS "accounts_user_groups_user_id_52b62117" ON "accounts_user_groups" ("user_id");
CREATE INDEX IF NOT EXISTS "accounts_user_groups_group_id_bd11a704" ON "accounts_user_groups" ("group_id");
CREATE UNIQUE INDEX "accounts_user_user_permissions_user_id_permission_id_2ab516c2_uniq" ON "accounts_user_user_permissions" ("user_id", "permission_id");
CREATE INDEX IF NOT EXISTS "accounts_user_user_permissions_user_id_e4f0a161" ON "accounts_user_user_permissions" ("user_id");
CREATE INDEX IF NOT EXISTS "accounts_user_user_permissions_permission_id_113bb443" ON "accounts_user_user_permissions" ("permission_id");
CREATE INDEX IF NOT EXISTS "django_admin_log_content_type_id_c4bce8eb" ON "django_admin_log" ("content_type_id");
CREATE INDEX IF NOT EXISTS "django_admin_log_user_id_c564eba6" ON "django_admin_log" ("user_id");
CREATE INDEX IF NOT EXISTS "django_session_expire_date_a5c62663" ON "django_session" ("expire_date");
CREATE INDEX IF NOT EXISTS "user_map_details_user_id_c3ddfd43" ON "user_map_details" ("user_id");
CREATE INDEX IF NOT EXISTS "user_dog_pics_map_id_id_debca48a" ON "user_dog_pics" ("map_id_id");
CREATE INDEX IF NOT EXISTS "user_comment_missing_id_id_cec37890" ON "user_comment" ("missing_id_id");
CREATE INDEX IF NOT EXISTS "user_missing_report_missing_id_id_9834d894" ON "user_missing_report" ("missing_id_id");
CREATE INDEX IF NOT EXISTS "user_missing_report_user_id_id_e5e0b5ff" ON "user_missing_report" ("user_id_id");
CREATE INDEX IF NOT EXISTS "user_comment_user_id_id_beed72ca" ON "user_comment" ("user_id_id");
CREATE INDEX IF NOT EXISTS "user_adoption_request_adoption_id_fdb7d1d6" ON "user_adoption_request" ("adoption_id");
CREATE INDEX IF NOT EXISTS "user_adoption_request_user_id_id_9f44cec5" ON "user_adoption_request" ("user_id_id");
CREATE INDEX IF NOT EXISTS "user_missing_case_user_id_id_fc6761b4" ON "user_missing_case" ("user_id_id");
CREATE INDEX IF NOT EXISTS "user_adoption_user_id_id_440a7375" ON "user_adoption" ("user_id_id");
CREATE TABLE IF NOT EXISTS "django_content_type" ("id" integer NOT NULL PRIMARY KEY AUTOINCREMENT, "app_label" varchar(100) NOT NULL, "model" varchar(100) NOT NULL);
INSERT INTO "django_content_type" VALUES(1,'admin','logentry');
INSERT INTO "django_content_type" VALUES(2,'auth','permission');
INSERT INTO "django_content_type" VALUES(3,'auth','group');
INSERT INTO "django_content_type" VALUES(4,'contenttypes','contenttype');
INSERT INTO "django_content_type" VALUES(5,'sessions','session');
INSERT INTO "django_content_type" VALUES(6,'accounts','user');
INSERT INTO "django_content_type" VALUES(7,'user','map_details');
INSERT INTO "django_content_type" VALUES(8,'user','dog_pics');
INSERT INTO "django_content_type" VALUES(9,'user','missing_case');
INSERT INTO "django_content_type" VALUES(10,'user','comment');
INSERT INTO "django_content_type" VALUES(11,'user','missing_report');
INSERT INTO "django_content_type" VALUES(12,'user','adoption');
INSERT INTO "django_content_type" VALUES(13,'user','adoption_request');
CREATE UNIQUE INDEX "django_content_type_app_label_model_76bd3d3b_uniq" ON "django_content_type" ("app_label", "model");
CREATE UNIQUE INDEX "auth_group_permissions_group_id_permission_id_0cd325b0_uniq" ON "auth_group_permissions" ("group_id", "permission_id");
CREATE INDEX IF NOT EXISTS "auth_group_permissions_group_id_b120cbf9" ON "auth_group_permissions" ("group_id");
CREATE INDEX IF NOT EXISTS "auth_group_permissions_permission_id_84c5c92e" ON "auth_group_permissions" ("permission_id");
CREATE UNIQUE INDEX "auth_permission_content_type_id_codename_01ab375a_uniq" ON "auth_permission" ("content_type_id", "codename");
CREATE INDEX IF NOT EXISTS "auth_permission_content_type_id_2f476e4b" ON "auth_permission" ("content_type_id");
CREATE UNIQUE INDEX "accounts_user_groups_user_id_group_id_59c0b32f_uniq" ON "accounts_user_groups" ("user_id", "group_id");
CREATE INDEX IF NOT EXISTS "accounts_user_groups_user_id_52b62117" ON "accounts_user_groups" ("user_id");
CREATE INDEX IF NOT EXISTS "accounts_user_groups_group_id_bd11a704" ON "accounts_user_groups" ("group_id");
CREATE UNIQUE INDEX "accounts_user_user_permissions_user_id_permission_id_2ab516c2_uniq" ON "accounts_user_user_permissions" ("user_id", "permission_id");
CREATE INDEX IF NOT EXISTS "accounts_user_user_permissions_user_id_e4f0a161" ON "accounts_user_user_permissions" ("user_id");
CREATE INDEX IF NOT EXISTS "accounts_user_user_permissions_permission_id_113bb443" ON "accounts_user_user_permissions" ("permission_id");
CREATE INDEX IF NOT EXISTS "django_admin_log_content_type_id_c4bce8eb" ON "django_admin_log" ("content_type_id");
CREATE INDEX IF NOT EXISTS "django_admin_log_user_id_c564eba6" ON "django_admin_log" ("user_id");
CREATE INDEX IF NOT EXISTS "django_session_expire_date_a5c62663" ON "django_session" ("expire_date");
CREATE INDEX IF NOT EXISTS "user_map_details_user_id_c3ddfd43" ON "user_map_details" ("user_id");
CREATE INDEX IF NOT EXISTS "user_dog_pics_map_id_id_debca48a" ON "user_dog_pics" ("map_id_id");
CREATE INDEX IF NOT EXISTS "user_comment_missing_id_id_cec37890" ON "user_comment" ("missing_id_id");
CREATE INDEX IF NOT EXISTS "user_missing_report_missing_id_id_9834d894" ON "user_missing_report" ("missing_id_id");
CREATE INDEX IF NOT EXISTS "user_missing_report_user_id_id_e5e0b5ff" ON "user_missing_report" ("user_id_id");
CREATE INDEX IF NOT EXISTS "user_comment_user_id_id_beed72ca" ON "user_comment" ("user_id_id");
CREATE INDEX IF NOT EXISTS "user_adoption_request_adoption_id_fdb7d1d6" ON "user_adoption_request" ("adoption_id");
CREATE INDEX IF NOT EXISTS "user_adoption_request_user_id_id_9f44cec5" ON "user_adoption_request" ("user_id_id");
CREATE INDEX IF NOT EXISTS "user_missing_case_user_id_id_fc6761b4" ON "user_missing_case" ("user_id_id");
CREATE INDEX IF NOT EXISTS "user_adoption_user_id_id_440a7375" ON "user_adoption" ("user_id_id");
CREATE TABLE IF NOT EXISTS "django_migrations" ("id" integer NOT NULL PRIMARY KEY AUTOINCREMENT, "app" varchar(255) NOT NULL, "name" varchar(255) NOT NULL, "applied" datetime NOT NULL);
INSERT INTO "django_migrations" VALUES(1,'contenttypes','0001_initial','2022-11-29 14:20:59.450233');
INSERT INTO "django_migrations" VALUES(2,'contenttypes','0002_remove_content_type_name','2022-11-29 14:20:59.579607');
INSERT INTO "django_migrations" VALUES(3,'auth','0001_initial','2022-11-29 14:20:59.824114');
INSERT INTO "django_migrations" VALUES(4,'auth','0002_alter_permission_name_max_length','2022-11-29 14:20:59.962612');
INSERT INTO "django_migrations" VALUES(5,'auth','0003_alter_user_email_max_length','2022-11-29 14:21:00.086304');
INSERT INTO "django_migrations" VALUES(6,'auth','0004_alter_user_username_opts','2022-11-29 14:21:00.208900');
INSERT INTO "django_migrations" VALUES(7,'auth','0005_alter_user_last_login_null','2022-11-29 14:21:00.311088');
INSERT INTO "django_migrations" VALUES(8,'auth','0006_require_contenttypes_0002','2022-11-29 14:21:00.412159');
INSERT INTO "django_migrations" VALUES(9,'auth','0007_alter_validators_add_error_messages','2022-11-29 14:21:00.516362');
INSERT INTO "django_migrations" VALUES(10,'auth','0008_alter_user_username_max_length','2022-11-29 14:21:00.623522');
INSERT INTO "django_migrations" VALUES(11,'auth','0009_alter_user_last_name_max_length','2022-11-29 14:21:00.712369');
INSERT INTO "django_migrations" VALUES(12,'auth','0010_alter_group_name_max_length','2022-11-29 14:21:00.822944');
INSERT INTO "django_migrations" VALUES(13,'auth','0011_update_proxy_permissions','2022-11-29 14:21:00.941335');
INSERT INTO "django_migrations" VALUES(14,'auth','0012_alter_user_first_name_max_length','2022-11-29 14:21:01.039521');
INSERT INTO "django_migrations" VALUES(15,'accounts','0001_initial','2022-11-29 14:21:01.269130');
INSERT INTO "django_migrations" VALUES(16,'admin','0001_initial','2022-11-29 14:21:01.473242');
INSERT INTO "django_migrations" VALUES(17,'admin','0002_logentry_remove_auto_add','2022-11-29 14:21:01.595322');
INSERT INTO "django_migrations" VALUES(18,'admin','0003_logentry_add_action_flag_choices','2022-11-29 14:21:01.732856');
INSERT INTO "django_migrations" VALUES(19,'sessions','0001_initial','2022-11-29 14:21:02.487586');
INSERT INTO "django_migrations" VALUES(20,'user','0001_initial','2022-11-29 14:21:02.745257');
INSERT INTO "django_migrations" VALUES(21,'user','0002_missing_case','2024-02-03 07:19:53.862284');
INSERT INTO "django_migrations" VALUES(22,'user','0003_missing_case_image','2024-02-04 05:46:17.805191');
INSERT INTO "django_migrations" VALUES(23,'user','0004_missing_case_status','2024-02-04 05:46:18.019046');
INSERT INTO "django_migrations" VALUES(24,'user','0005_alter_missing_case_status','2024-02-04 05:47:07.804253');
INSERT INTO "django_migrations" VALUES(25,'user','0006_alter_missing_case_image','2024-02-04 06:16:22.416382');
INSERT INTO "django_migrations" VALUES(26,'user','0007_comment','2024-02-04 06:42:32.483546');
INSERT INTO "django_migrations" VALUES(27,'user','0008_missing_report','2024-02-16 07:43:14.128135');
INSERT INTO "django_migrations" VALUES(28,'user','0009_missing_report_user_id','2024-02-16 12:07:20.777742');
INSERT INTO "django_migrations" VALUES(29,'user','0010_missing_case_user_id','2024-02-23 07:21:52.881826');
INSERT INTO "django_migrations" VALUES(30,'accounts','0002_user_latitude_user_longitude_user_place_and_more','2024-02-23 11:11:32.386765');
INSERT INTO "django_migrations" VALUES(31,'user','0011_comment_user_id','2024-02-25 07:12:11.560832');
INSERT INTO "django_migrations" VALUES(32,'user','0012_missing_case_breed_missing_case_color_and_more','2024-02-26 07:00:56.689969');
INSERT INTO "django_migrations" VALUES(33,'user','0013_adoption','2024-03-01 10:29:38.630582');
INSERT INTO "django_migrations" VALUES(34,'user','0014_alter_adoption_status','2024-03-01 12:09:20.120670');
INSERT INTO "django_migrations" VALUES(35,'accounts','0003_user_willing_to_adopt','2024-03-01 17:12:06.700578');
INSERT INTO "django_migrations" VALUES(36,'user','0015_adoption_request','2024-03-01 17:12:07.042120');
INSERT INTO "django_migrations" VALUES(37,'user','0016_alter_missing_case_phone_no','2024-03-01 17:13:13.753543');
INSERT INTO "django_migrations" VALUES(38,'accounts','0002_user_district_user_state_alter_user_profile_pic','2024-04-20 13:12:52.227242');
INSERT INTO "django_migrations" VALUES(39,'user','0002_adoption_age_adoption_dog_license_and_more','2024-04-20 13:12:52.893079');
INSERT INTO "django_migrations" VALUES(40,'user','0003_missing_case_title','2024-04-20 13:12:53.098699');
CREATE UNIQUE INDEX "django_content_type_app_label_model_76bd3d3b_uniq" ON "django_content_type" ("app_label", "model");
CREATE UNIQUE INDEX "auth_group_permissions_group_id_permission_id_0cd325b0_uniq" ON "auth_group_permissions" ("group_id", "permission_id");
CREATE INDEX IF NOT EXISTS "auth_group_permissions_group_id_b120cbf9" ON "auth_group_permissions" ("group_id");
CREATE INDEX IF NOT EXISTS "auth_group_permissions_permission_id_84c5c92e" ON "auth_group_permissions" ("permission_id");
CREATE UNIQUE INDEX "auth_permission_content_type_id_codename_01ab375a_uniq" ON "auth_permission" ("content_type_id", "codename");
CREATE INDEX IF NOT EXISTS "auth_permission_content_type_id_2f476e4b" ON "auth_permission" ("content_type_id");
CREATE UNIQUE INDEX "accounts_user_groups_user_id_group_id_59c0b32f_uniq" ON "accounts_user_groups" ("user_id", "group_id");
CREATE INDEX IF NOT EXISTS "accounts_user_groups_user_id_52b62117" ON "accounts_user_groups" ("user_id");
CREATE INDEX IF NOT EXISTS "accounts_user_groups_group_id_bd11a704" ON "accounts_user_groups" ("group_id");
CREATE UNIQUE INDEX "accounts_user_user_permissions_user_id_permission_id_2ab516c2_uniq" ON "accounts_user_user_permissions" ("user_id", "permission_id");
CREATE INDEX IF NOT EXISTS "accounts_user_user_permissions_user_id_e4f0a161" ON "accounts_user_user_permissions" ("user_id");
CREATE INDEX IF NOT EXISTS "accounts_user_user_permissions_permission_id_113bb443" ON "accounts_user_user_permissions" ("permission_id");
CREATE INDEX IF NOT EXISTS "django_admin_log_content_type_id_c4bce8eb" ON "django_admin_log" ("content_type_id");
CREATE INDEX IF NOT EXISTS "django_admin_log_user_id_c564eba6" ON "django_admin_log" ("user_id");
CREATE INDEX IF NOT EXISTS "django_session_expire_date_a5c62663" ON "django_session" ("expire_date");
CREATE INDEX IF NOT EXISTS "user_map_details_user_id_c3ddfd43" ON "user_map_details" ("user_id");
CREATE INDEX IF NOT EXISTS "user_dog_pics_map_id_id_debca48a" ON "user_dog_pics" ("map_id_id");
CREATE INDEX IF NOT EXISTS "user_comment_missing_id_id_cec37890" ON "user_comment" ("missing_id_id");
CREATE INDEX IF NOT EXISTS "user_missing_report_missing_id_id_9834d894" ON "user_missing_report" ("missing_id_id");
CREATE INDEX IF NOT EXISTS "user_missing_report_user_id_id_e5e0b5ff" ON "user_missing_report" ("user_id_id");
CREATE INDEX IF NOT EXISTS "user_comment_user_id_id_beed72ca" ON "user_comment" ("user_id_id");
CREATE INDEX IF NOT EXISTS "user_adoption_request_adoption_id_fdb7d1d6" ON "user_adoption_request" ("adoption_id");
CREATE INDEX IF NOT EXISTS "user_adoption_request_user_id_id_9f44cec5" ON "user_adoption_request" ("user_id_id");
CREATE INDEX IF NOT EXISTS "user_missing_case_user_id_id_fc6761b4" ON "user_missing_case" ("user_id_id");
CREATE INDEX IF NOT EXISTS "user_adoption_user_id_id_440a7375" ON "user_adoption" ("user_id_id");
CREATE TABLE IF NOT EXISTS "django_session" ("session_key" varchar(40) NOT NULL PRIMARY KEY, "session_data" text NOT NULL, "expire_date" datetime NOT NULL);
INSERT INTO "django_session" VALUES('6b64ff4tyfgdrteah9yuonoc3e7bimp4','.eJxVjMsOwiAQRf-FtSEMDFBcuvcbCI9BqgaS0q6M_65NutDtPefcF_NhW6vfBi1-zuzMgJ1-txjSg9oO8j20W-ept3WZI98VftDBrz3T83K4fwc1jPqtrRLCIDiNCZzTBlACOnJJiwJUokZjXURFVlmZQRcyEu00hSBM1gnZ-wOY3DZk:1p01Uj:5zk85_mMpwmad7tbTbanztcSn2K829UZP7cuwKRxtf4','2022-12-13 14:21:57.802535');
INSERT INTO "django_session" VALUES('97rkiwaatic8bd0xkx2j7u4a5p7si9lj','.eJxVjDEOwjAMRe-SGUVK3DYOIztnqBzbkAJKpKadKu4OlTrA-t97fzMjrUse16bzOIk5G29Ov1sifmrZgTyo3KvlWpZ5SnZX7EGbvVbR1-Vw_w4ytfytEcBJYuEOhy6GEJEZPaOgYgLwPdEAFJyAhiF0gQki9c7xjVUdiXl_AOCoOEE:1pk2bp:2KNDOGNawEJoVIyWSMUs6NBI5HE3gLvm6vri73XLaIs','2023-04-19 12:51:29.545941');
INSERT INTO "django_session" VALUES('e98kzpgdt2wh35mecpdemrck297pmlsc','eyJlbWFpbCI6ImFtYWxzaGFqaTdjcjdAZ21haWwuY29tIiwib3RwIjoiMzE0MjkiLCJ2ZXJpZmljYXRpb24iOiJ2ZXJpZnkifQ:1rTl1q:sVO9K2pnK3AAp4J1GhjIbiixa108C5ZG1XFl2gorMA0','2024-02-10 15:55:34.901965');
INSERT INTO "django_session" VALUES('n7mvzpvhuwvp6xarne0i9nbx2s0rd2yi','.eJxVjDsOwjAQBe_iGlk2zvpDSZ8zWLvrDQkgR4qTCnF3iJQC2jcz76UybuuYtyZLnoq6KFCn342QH1J3UO5Yb7Pmua7LRHpX9EGb7uciz-vh_h2M2MZvjQaiQCqJB4Odd3EgCIV9TCEGFh6CwdglB8TWWyvngMJgiRw40zmr3h_ryzeu:1re8Wv:mpia-dZo7zngRzqDs-i9L_AjBGVeWtQr47qnUHhCIDg','2024-03-10 07:02:33.524680');
INSERT INTO "django_session" VALUES('ozych9lov828xknar3gza5m80bw320xl','.eJxVjEEOwiAQRe_C2hDowEBduu8ZmhkYpWpoUtqV8e7apAvd_vfef6mRtrWMW5NlnLI6K1Sn340pPaTuIN-p3mad5rouE-td0QdtepizPC-H-3dQqJVvLc5gCgQ9gkXP4NFxRJODSz4wgE3Xzoj1PeSOyLFPwjZCgGiRIIt6fwDBeTc5:1rgeAe:Ss-3nUVLvSTiufYHp_85EwS2DnZ5BgfPubyR588ykl0','2024-03-17 05:13:56.110776');
CREATE UNIQUE INDEX "django_content_type_app_label_model_76bd3d3b_uniq" ON "django_content_type" ("app_label", "model");
CREATE UNIQUE INDEX "auth_group_permissions_group_id_permission_id_0cd325b0_uniq" ON "auth_group_permissions" ("group_id", "permission_id");
CREATE INDEX IF NOT EXISTS "auth_group_permissions_group_id_b120cbf9" ON "auth_group_permissions" ("group_id");
CREATE INDEX IF NOT EXISTS "auth_group_permissions_permission_id_84c5c92e" ON "auth_group_permissions" ("permission_id");
CREATE UNIQUE INDEX "auth_permission_content_type_id_codename_01ab375a_uniq" ON "auth_permission" ("content_type_id", "codename");
CREATE INDEX IF NOT EXISTS "auth_permission_content_type_id_2f476e4b" ON "auth_permission" ("content_type_id");
CREATE UNIQUE INDEX "accounts_user_groups_user_id_group_id_59c0b32f_uniq" ON "accounts_user_groups" ("user_id", "group_id");
CREATE INDEX IF NOT EXISTS "accounts_user_groups_user_id_52b62117" ON "accounts_user_groups" ("user_id");
CREATE INDEX IF NOT EXISTS "accounts_user_groups_group_id_bd11a704" ON "accounts_user_groups" ("group_id");
CREATE UNIQUE INDEX "accounts_user_user_permissions_user_id_permission_id_2ab516c2_uniq" ON "accounts_user_user_permissions" ("user_id", "permission_id");
CREATE INDEX IF NOT EXISTS "accounts_user_user_permissions_user_id_e4f0a161" ON "accounts_user_user_permissions" ("user_id");
CREATE INDEX IF NOT EXISTS "accounts_user_user_permissions_permission_id_113bb443" ON "accounts_user_user_permissions" ("permission_id");
CREATE INDEX IF NOT EXISTS "django_admin_log_content_type_id_c4bce8eb" ON "django_admin_log" ("content_type_id");
CREATE INDEX IF NOT EXISTS "django_admin_log_user_id_c564eba6" ON "django_admin_log" ("user_id");
CREATE INDEX IF NOT EXISTS "django_session_expire_date_a5c62663" ON "django_session" ("expire_date");
CREATE INDEX IF NOT EXISTS "user_map_details_user_id_c3ddfd43" ON "user_map_details" ("user_id");
CREATE INDEX IF NOT EXISTS "user_dog_pics_map_id_id_debca48a" ON "user_dog_pics" ("map_id_id");
CREATE INDEX IF NOT EXISTS "user_comment_missing_id_id_cec37890" ON "user_comment" ("missing_id_id");
CREATE INDEX IF NOT EXISTS "user_missing_report_missing_id_id_9834d894" ON "user_missing_report" ("missing_id_id");
CREATE INDEX IF NOT EXISTS "user_missing_report_user_id_id_e5e0b5ff" ON "user_missing_report" ("user_id_id");
CREATE INDEX IF NOT EXISTS "user_comment_user_id_id_beed72ca" ON "user_comment" ("user_id_id");
CREATE INDEX IF NOT EXISTS "user_adoption_request_adoption_id_fdb7d1d6" ON "user_adoption_request" ("adoption_id");
CREATE INDEX IF NOT EXISTS "user_adoption_request_user_id_id_9f44cec5" ON "user_adoption_request" ("user_id_id");
CREATE INDEX IF NOT EXISTS "user_missing_case_user_id_id_fc6761b4" ON "user_missing_case" ("user_id_id");
CREATE INDEX IF NOT EXISTS "user_adoption_user_id_id_440a7375" ON "user_adoption" ("user_id_id");
CREATE TABLE IF NOT EXISTS "user_adoption" ("id" integer NOT NULL PRIMARY KEY AUTOINCREMENT, "dog_name" varchar(50) NOT NULL, "owner_name" varchar(50) NOT NULL, "phone_no" varchar(50) NOT NULL, "image" varchar(100) NOT NULL, "description" varchar(1024) NOT NULL, "created_at" date NOT NULL, "status" varchar(50) NOT NULL, "address" varchar(250) NOT NULL, "latitude" varchar(250) NULL, "longitude" varchar(250) NULL, "breed" varchar(50) NOT NULL, "color" varchar(50) NOT NULL, "user_id_id" bigint NULL REFERENCES "accounts_user" ("id") DEFERRABLE INITIALLY DEFERRED, "age" varchar(50) NULL, "dog_license" varchar(50) NOT NULL, "vaccination" varchar(50) NOT NULL);
INSERT INTO "user_adoption" VALUES(3,'Lucky','mathew','7783722424','adoption/261564083_WOSUw8R.jpg','test1','2024-03-01','active','pala',NULL,NULL,'Labrador','White',5,NULL,'no','no');
INSERT INTO "user_adoption" VALUES(4,'Lucky','aaa','3353535353','adoption/-92770294.jpg','test3','2024-03-02','active','test3',NULL,NULL,'Labrador','Black',5,NULL,'no','no');
INSERT INTO "user_adoption" VALUES(5,'Lucky','aaa','3353535353','adoption/-92770294_vYCIwrY.jpg','test3','2024-03-02','active','test3',NULL,NULL,'Labrador','Black',5,NULL,'no','no');
INSERT INTO "user_adoption" VALUES(6,'Lucky','aaa','3353535353','adoption/-92770294_TdpzWfB.jpg','test3','2024-03-02','active','est3',NULL,NULL,'Labrador','Black',5,NULL,'no','no');
INSERT INTO "user_adoption" VALUES(7,'Lucky','aaa','7783722834','adoption/-92770294_QOpN71k.jpg','qeq','2024-03-02','active','ewe',NULL,NULL,'Labrador','Black',5,NULL,'no','no');
INSERT INTO "user_adoption" VALUES(8,'tes4','t','5666666866','adoption/-92770294_BLVW9rZ.jpg','ttt','2024-03-02','active','t',NULL,NULL,'test4','t',5,NULL,'no','no');
INSERT INTO "user_adoption" VALUES(10,'test5','tttt','1234567890','adoption/-92770294_m9iJpPs.jpg','tttt','2024-03-02','active','tttt',NULL,NULL,'tttt','tttt',5,NULL,'no','no');
INSERT INTO "user_adoption" VALUES(11,'Test4','Angel','1234567890','adoption/-411526448.jpg','test4','2024-03-03','active','test4',NULL,NULL,'Dash','Brown',6,NULL,'no','no');
CREATE UNIQUE INDEX "django_content_type_app_label_model_76bd3d3b_uniq" ON "django_content_type" ("app_label", "model");
CREATE UNIQUE INDEX "auth_group_permissions_group_id_permission_id_0cd325b0_uniq" ON "auth_group_permissions" ("group_id", "permission_id");
CREATE INDEX IF NOT EXISTS "auth_group_permissions_group_id_b120cbf9" ON "auth_group_permissions" ("group_id");
CREATE INDEX IF NOT EXISTS "auth_group_permissions_permission_id_84c5c92e" ON "auth_group_permissions" ("permission_id");
CREATE UNIQUE INDEX "auth_permission_content_type_id_codename_01ab375a_uniq" ON "auth_permission" ("content_type_id", "codename");
CREATE INDEX IF NOT EXISTS "auth_permission_content_type_id_2f476e4b" ON "auth_permission" ("content_type_id");
CREATE UNIQUE INDEX "accounts_user_groups_user_id_group_id_59c0b32f_uniq" ON "accounts_user_groups" ("user_id", "group_id");
CREATE INDEX IF NOT EXISTS "accounts_user_groups_user_id_52b62117" ON "accounts_user_groups" ("user_id");
CREATE INDEX IF NOT EXISTS "accounts_user_groups_group_id_bd11a704" ON "accounts_user_groups" ("group_id");
CREATE UNIQUE INDEX "accounts_user_user_permissions_user_id_permission_id_2ab516c2_uniq" ON "accounts_user_user_permissions" ("user_id", "permission_id");
CREATE INDEX IF NOT EXISTS "accounts_user_user_permissions_user_id_e4f0a161" ON "accounts_user_user_permissions" ("user_id");
CREATE INDEX IF NOT EXISTS "accounts_user_user_permissions_permission_id_113bb443" ON "accounts_user_user_permissions" ("permission_id");
CREATE INDEX IF NOT EXISTS "django_admin_log_content_type_id_c4bce8eb" ON "django_admin_log" ("content_type_id");
CREATE INDEX IF NOT EXISTS "django_admin_log_user_id_c564eba6" ON "django_admin_log" ("user_id");
CREATE INDEX IF NOT EXISTS "django_session_expire_date_a5c62663" ON "django_session" ("expire_date");
CREATE INDEX IF NOT EXISTS "user_map_details_user_id_c3ddfd43" ON "user_map_details" ("user_id");
CREATE INDEX IF NOT EXISTS "user_dog_pics_map_id_id_debca48a" ON "user_dog_pics" ("map_id_id");
CREATE INDEX IF NOT EXISTS "user_comment_missing_id_id_cec37890" ON "user_comment" ("missing_id_id");
CREATE INDEX IF NOT EXISTS "user_missing_report_missing_id_id_9834d894" ON "user_missing_report" ("missing_id_id");
CREATE INDEX IF NOT EXISTS "user_missing_report_user_id_id_e5e0b5ff" ON "user_missing_report" ("user_id_id");
CREATE INDEX IF NOT EXISTS "user_comment_user_id_id_beed72ca" ON "user_comment" ("user_id_id");
CREATE INDEX IF NOT EXISTS "user_adoption_request_adoption_id_fdb7d1d6" ON "user_adoption_request" ("adoption_id");
CREATE INDEX IF NOT EXISTS "user_adoption_request_user_id_id_9f44cec5" ON "user_adoption_request" ("user_id_id");
CREATE INDEX IF NOT EXISTS "user_missing_case_user_id_id_fc6761b4" ON "user_missing_case" ("user_id_id");
CREATE INDEX IF NOT EXISTS "user_adoption_user_id_id_440a7375" ON "user_adoption" ("user_id_id");
CREATE TABLE IF NOT EXISTS "user_adoption_request" ("id" integer NOT NULL PRIMARY KEY AUTOINCREMENT, "approval_request" varchar(50) NOT NULL, "adoption_id" bigint NULL REFERENCES "user_adoption" ("id") DEFERRABLE INITIALLY DEFERRED, "user_id_id" bigint NULL REFERENCES "accounts_user" ("id") DEFERRABLE INITIALLY DEFERRED);
INSERT INTO "user_adoption_request" VALUES(1,'cancel',10,2);
INSERT INTO "user_adoption_request" VALUES(2,'accept',10,4);
INSERT INTO "user_adoption_request" VALUES(3,'active',11,2);
INSERT INTO "user_adoption_request" VALUES(4,'active',11,4);
INSERT INTO "user_adoption_request" VALUES(5,'active',11,5);
CREATE UNIQUE INDEX "django_content_type_app_label_model_76bd3d3b_uniq" ON "django_content_type" ("app_label", "model");
CREATE UNIQUE INDEX "auth_group_permissions_group_id_permission_id_0cd325b0_uniq" ON "auth_group_permissions" ("group_id", "permission_id");
CREATE INDEX IF NOT EXISTS "auth_group_permissions_group_id_b120cbf9" ON "auth_group_permissions" ("group_id");
CREATE INDEX IF NOT EXISTS "auth_group_permissions_permission_id_84c5c92e" ON "auth_group_permissions" ("permission_id");
CREATE UNIQUE INDEX "auth_permission_content_type_id_codename_01ab375a_uniq" ON "auth_permission" ("content_type_id", "codename");
CREATE INDEX IF NOT EXISTS "auth_permission_content_type_id_2f476e4b" ON "auth_permission" ("content_type_id");
CREATE UNIQUE INDEX "accounts_user_groups_user_id_group_id_59c0b32f_uniq" ON "accounts_user_groups" ("user_id", "group_id");
CREATE INDEX IF NOT EXISTS "accounts_user_groups_user_id_52b62117" ON "accounts_user_groups" ("user_id");
CREATE INDEX IF NOT EXISTS "accounts_user_groups_group_id_bd11a704" ON "accounts_user_groups" ("group_id");
CREATE UNIQUE INDEX "accounts_user_user_permissions_user_id_permission_id_2ab516c2_uniq" ON "accounts_user_user_permissions" ("user_id", "permission_id");
CREATE INDEX IF NOT EXISTS "accounts_user_user_permissions_user_id_e4f0a161" ON "accounts_user_user_permissions" ("user_id");
CREATE INDEX IF NOT EXISTS "accounts_user_user_permissions_permission_id_113bb443" ON "accounts_user_user_permissions" ("permission_id");
CREATE INDEX IF NOT EXISTS "django_admin_log_content_type_id_c4bce8eb" ON "django_admin_log" ("content_type_id");
CREATE INDEX IF NOT EXISTS "django_admin_log_user_id_c564eba6" ON "django_admin_log" ("user_id");
CREATE INDEX IF NOT EXISTS "django_session_expire_date_a5c62663" ON "django_session" ("expire_date");
CREATE INDEX IF NOT EXISTS "user_map_details_user_id_c3ddfd43" ON "user_map_details" ("user_id");
CREATE INDEX IF NOT EXISTS "user_dog_pics_map_id_id_debca48a" ON "user_dog_pics" ("map_id_id");
CREATE INDEX IF NOT EXISTS "user_comment_missing_id_id_cec37890" ON "user_comment" ("missing_id_id");
CREATE INDEX IF NOT EXISTS "user_missing_report_missing_id_id_9834d894" ON "user_missing_report" ("missing_id_id");
CREATE INDEX IF NOT EXISTS "user_missing_report_user_id_id_e5e0b5ff" ON "user_missing_report" ("user_id_id");
CREATE INDEX IF NOT EXISTS "user_comment_user_id_id_beed72ca" ON "user_comment" ("user_id_id");
CREATE INDEX IF NOT EXISTS "user_adoption_request_adoption_id_fdb7d1d6" ON "user_adoption_request" ("adoption_id");
CREATE INDEX IF NOT EXISTS "user_adoption_request_user_id_id_9f44cec5" ON "user_adoption_request" ("user_id_id");
CREATE INDEX IF NOT EXISTS "user_missing_case_user_id_id_fc6761b4" ON "user_missing_case" ("user_id_id");
CREATE INDEX IF NOT EXISTS "user_adoption_user_id_id_440a7375" ON "user_adoption" ("user_id_id");
CREATE TABLE IF NOT EXISTS "user_comment" ("id" integer NOT NULL PRIMARY KEY AUTOINCREMENT, "comments" varchar(250) NOT NULL, "date" date NOT NULL, "missing_id_id" bigint NOT NULL REFERENCES "user_missing_case" ("id") DEFERRABLE INITIALLY DEFERRED, "user_id_id" bigint NULL REFERENCES "accounts_user" ("id") DEFERRABLE INITIALLY DEFERRED);
CREATE UNIQUE INDEX "django_content_type_app_label_model_76bd3d3b_uniq" ON "django_content_type" ("app_label", "model");
CREATE UNIQUE INDEX "auth_group_permissions_group_id_permission_id_0cd325b0_uniq" ON "auth_group_permissions" ("group_id", "permission_id");
CREATE INDEX IF NOT EXISTS "auth_group_permissions_group_id_b120cbf9" ON "auth_group_permissions" ("group_id");
CREATE INDEX IF NOT EXISTS "auth_group_permissions_permission_id_84c5c92e" ON "auth_group_permissions" ("permission_id");
CREATE UNIQUE INDEX "auth_permission_content_type_id_codename_01ab375a_uniq" ON "auth_permission" ("content_type_id", "codename");
CREATE INDEX IF NOT EXISTS "auth_permission_content_type_id_2f476e4b" ON "auth_permission" ("content_type_id");
CREATE UNIQUE INDEX "accounts_user_groups_user_id_group_id_59c0b32f_uniq" ON "accounts_user_groups" ("user_id", "group_id");
CREATE INDEX IF NOT EXISTS "accounts_user_groups_user_id_52b62117" ON "accounts_user_groups" ("user_id");
CREATE INDEX IF NOT EXISTS "accounts_user_groups_group_id_bd11a704" ON "accounts_user_groups" ("group_id");
CREATE UNIQUE INDEX "accounts_user_user_permissions_user_id_permission_id_2ab516c2_uniq" ON "accounts_user_user_permissions" ("user_id", "permission_id");
CREATE INDEX IF NOT EXISTS "accounts_user_user_permissions_user_id_e4f0a161" ON "accounts_user_user_permissions" ("user_id");
CREATE INDEX IF NOT EXISTS "accounts_user_user_permissions_permission_id_113bb443" ON "accounts_user_user_permissions" ("permission_id");
CREATE INDEX IF NOT EXISTS "django_admin_log_content_type_id_c4bce8eb" ON "django_admin_log" ("content_type_id");
CREATE INDEX IF NOT EXISTS "django_admin_log_user_id_c564eba6" ON "django_admin_log" ("user_id");
CREATE INDEX IF NOT EXISTS "django_session_expire_date_a5c62663" ON "django_session" ("expire_date");
CREATE INDEX IF NOT EXISTS "user_map_details_user_id_c3ddfd43" ON "user_map_details" ("user_id");
CREATE INDEX IF NOT EXISTS "user_dog_pics_map_id_id_debca48a" ON "user_dog_pics" ("map_id_id");
CREATE INDEX IF NOT EXISTS "user_comment_missing_id_id_cec37890" ON "user_comment" ("missing_id_id");
CREATE INDEX IF NOT EXISTS "user_missing_report_missing_id_id_9834d894" ON "user_missing_report" ("missing_id_id");
CREATE INDEX IF NOT EXISTS "user_missing_report_user_id_id_e5e0b5ff" ON "user_missing_report" ("user_id_id");
CREATE INDEX IF NOT EXISTS "user_comment_user_id_id_beed72ca" ON "user_comment" ("user_id_id");
CREATE INDEX IF NOT EXISTS "user_adoption_request_adoption_id_fdb7d1d6" ON "user_adoption_request" ("adoption_id");
CREATE INDEX IF NOT EXISTS "user_adoption_request_user_id_id_9f44cec5" ON "user_adoption_request" ("user_id_id");
CREATE INDEX IF NOT EXISTS "user_missing_case_user_id_id_fc6761b4" ON "user_missing_case" ("user_id_id");
CREATE INDEX IF NOT EXISTS "user_adoption_user_id_id_440a7375" ON "user_adoption" ("user_id_id");
CREATE TABLE IF NOT EXISTS "user_dog_pics" ("id" integer NOT NULL PRIMARY KEY AUTOINCREMENT, "image" varchar(100) NOT NULL, "map_id_id" bigint NOT NULL REFERENCES "user_map_details" ("id") DEFERRABLE INITIALLY DEFERRED);
INSERT INTO "user_dog_pics" VALUES(1,'images/meditation.jpg',2);
INSERT INTO "user_dog_pics" VALUES(2,'images/pexels-gustavo-fring-3985163.jpg',3);
INSERT INTO "user_dog_pics" VALUES(3,'images/pexels-klaus-nielsen-6303659.jpg',3);
INSERT INTO "user_dog_pics" VALUES(4,'images/pexels-cottonbro-5721671_1.jpg',3);
INSERT INTO "user_dog_pics" VALUES(5,'images/consultation.png',4);
INSERT INTO "user_dog_pics" VALUES(6,'images/PhotoFunia-1667397673.jpg',4);
INSERT INTO "user_dog_pics" VALUES(7,'images/cat.png',4);
INSERT INTO "user_dog_pics" VALUES(8,'images/minnal-murali.jpg',4);
INSERT INTO "user_dog_pics" VALUES(9,'images/meditation_cWrsRHL.jpg',5);
INSERT INTO "user_dog_pics" VALUES(10,'images/relationship_management.jpg',5);
INSERT INTO "user_dog_pics" VALUES(11,'images/mind_trainer.jpg',5);
INSERT INTO "user_dog_pics" VALUES(12,'images/Psychology.jpg',5);
INSERT INTO "user_dog_pics" VALUES(13,'images/consultation_o9EuclH.png',6);
INSERT INTO "user_dog_pics" VALUES(14,'images/profile-pic_3.png',6);
INSERT INTO "user_dog_pics" VALUES(15,'images/PhotoFunia-1667397673_2QmGgKp.jpg',7);
INSERT INTO "user_dog_pics" VALUES(16,'images/consultation_17d2qAP.png',8);
INSERT INTO "user_dog_pics" VALUES(17,'images/profile-pic.png',8);
CREATE UNIQUE INDEX "django_content_type_app_label_model_76bd3d3b_uniq" ON "django_content_type" ("app_label", "model");
CREATE UNIQUE INDEX "auth_group_permissions_group_id_permission_id_0cd325b0_uniq" ON "auth_group_permissions" ("group_id", "permission_id");
CREATE INDEX IF NOT EXISTS "auth_group_permissions_group_id_b120cbf9" ON "auth_group_permissions" ("group_id");
CREATE INDEX IF NOT EXISTS "auth_group_permissions_permission_id_84c5c92e" ON "auth_group_permissions" ("permission_id");
CREATE UNIQUE INDEX "auth_permission_content_type_id_codename_01ab375a_uniq" ON "auth_permission" ("content_type_id", "codename");
CREATE INDEX IF NOT EXISTS "auth_permission_content_type_id_2f476e4b" ON "auth_permission" ("content_type_id");
CREATE UNIQUE INDEX "accounts_user_groups_user_id_group_id_59c0b32f_uniq" ON "accounts_user_groups" ("user_id", "group_id");
CREATE INDEX IF NOT EXISTS "accounts_user_groups_user_id_52b62117" ON "accounts_user_groups" ("user_id");
CREATE INDEX IF NOT EXISTS "accounts_user_groups_group_id_bd11a704" ON "accounts_user_groups" ("group_id");
CREATE UNIQUE INDEX "accounts_user_user_permissions_user_id_permission_id_2ab516c2_uniq" ON "accounts_user_user_permissions" ("user_id", "permission_id");
CREATE INDEX IF NOT EXISTS "accounts_user_user_permissions_user_id_e4f0a161" ON "accounts_user_user_permissions" ("user_id");
CREATE INDEX IF NOT EXISTS "accounts_user_user_permissions_permission_id_113bb443" ON "accounts_user_user_permissions" ("permission_id");
CREATE INDEX IF NOT EXISTS "django_admin_log_content_type_id_c4bce8eb" ON "django_admin_log" ("content_type_id");
CREATE INDEX IF NOT EXISTS "django_admin_log_user_id_c564eba6" ON "django_admin_log" ("user_id");
CREATE INDEX IF NOT EXISTS "django_session_expire_date_a5c62663" ON "django_session" ("expire_date");
CREATE INDEX IF NOT EXISTS "user_map_details_user_id_c3ddfd43" ON "user_map_details" ("user_id");
CREATE INDEX IF NOT EXISTS "user_dog_pics_map_id_id_debca48a" ON "user_dog_pics" ("map_id_id");
CREATE INDEX IF NOT EXISTS "user_comment_missing_id_id_cec37890" ON "user_comment" ("missing_id_id");
CREATE INDEX IF NOT EXISTS "user_missing_report_missing_id_id_9834d894" ON "user_missing_report" ("missing_id_id");
CREATE INDEX IF NOT EXISTS "user_missing_report_user_id_id_e5e0b5ff" ON "user_missing_report" ("user_id_id");
CREATE INDEX IF NOT EXISTS "user_comment_user_id_id_beed72ca" ON "user_comment" ("user_id_id");
CREATE INDEX IF NOT EXISTS "user_adoption_request_adoption_id_fdb7d1d6" ON "user_adoption_request" ("adoption_id");
CREATE INDEX IF NOT EXISTS "user_adoption_request_user_id_id_9f44cec5" ON "user_adoption_request" ("user_id_id");
CREATE INDEX IF NOT EXISTS "user_missing_case_user_id_id_fc6761b4" ON "user_missing_case" ("user_id_id");
CREATE INDEX IF NOT EXISTS "user_adoption_user_id_id_440a7375" ON "user_adoption" ("user_id_id");
CREATE TABLE IF NOT EXISTS "user_map_details" ("id" integer NOT NULL PRIMARY KEY AUTOINCREMENT, "email" varchar(255) NULL, "longitude" varchar(255) NULL, "latitude" varchar(255) NULL, "datetime" datetime NOT NULL, "title" varchar(100) NULL, "description" varchar(255) NULL, "no_of_dogs" integer NULL, "behaviour" varchar(255) NULL, "user_id" bigint NOT NULL REFERENCES "accounts_user" ("id") DEFERRABLE INITIALLY DEFERRED);
INSERT INTO "user_map_details" VALUES(1,'abhi@gmail.com','76.36802673339845','10.022526166127395','2022-11-29 14:24:06.364738','Kumaranaloor','ytf f tukdfuyj iuui    jg jhjhfy g uyh',5,'undefined',1);
INSERT INTO "user_map_details" VALUES(2,'abhi@gmail.com','76.36802673339845','10.022526166127395','2022-11-29 14:34:23.663873','hfghfh','fhfghf',5,'Aggressive, Biting',1);
INSERT INTO "user_map_details" VALUES(3,'abhi@gmail.com','76.52157247066499','9.566427024048831','2022-11-29 15:15:12.361830','Kottayam','dsfsd gsd gsdgsg gsgoigud sgsg dg',10,'Aggressive, Biting, Social',1);
INSERT INTO "user_map_details" VALUES(4,'abhi@gmail.com','76.35566711425783','10.017359909416028','2022-11-29 15:24:40.478880','Try 1','sdfds',3,'Social, Chasing, Territorial',1);
INSERT INTO "user_map_details" VALUES(5,'abhi@gmail.com','76.30657196044923','10.01948069615377','2022-11-29 15:29:15.072458','Try 3','safsf',3,'Aggressive, Barking, Chasing',1);
INSERT INTO "user_map_details" VALUES(6,'abhi@gmail.com','76.28013610839844','10.046550536622316','2022-11-29 15:30:30.375513','Try 4','dsgdfgd',4,'Biting, Chasing, Territorial',1);
INSERT INTO "user_map_details" VALUES(7,'abhi@gmail.com','76.24134063720705','10.013389670413783','2022-11-29 15:30:59.150377','Try 5','fdgdf',4,'Aggressive, Barking, Chasing',1);
INSERT INTO "user_map_details" VALUES(8,'abhi@gmail.com','76.25129699707033','10.04925739615582','2022-11-29 15:34:28.276330','Try 6',' rtrtetet
erterre',3,'Biting, Chasing, Territorial',1);
CREATE UNIQUE INDEX "django_content_type_app_label_model_76bd3d3b_uniq" ON "django_content_type" ("app_label", "model");
CREATE UNIQUE INDEX "auth_group_permissions_group_id_permission_id_0cd325b0_uniq" ON "auth_group_permissions" ("group_id", "permission_id");
CREATE INDEX IF NOT EXISTS "auth_group_permissions_group_id_b120cbf9" ON "auth_group_permissions" ("group_id");
CREATE INDEX IF NOT EXISTS "auth_group_permissions_permission_id_84c5c92e" ON "auth_group_permissions" ("permission_id");
CREATE UNIQUE INDEX "auth_permission_content_type_id_codename_01ab375a_uniq" ON "auth_permission" ("content_type_id", "codename");
CREATE INDEX IF NOT EXISTS "auth_permission_content_type_id_2f476e4b" ON "auth_permission" ("content_type_id");
CREATE UNIQUE INDEX "accounts_user_groups_user_id_group_id_59c0b32f_uniq" ON "accounts_user_groups" ("user_id", "group_id");
CREATE INDEX IF NOT EXISTS "accounts_user_groups_user_id_52b62117" ON "accounts_user_groups" ("user_id");
CREATE INDEX IF NOT EXISTS "accounts_user_groups_group_id_bd11a704" ON "accounts_user_groups" ("group_id");
CREATE UNIQUE INDEX "accounts_user_user_permissions_user_id_permission_id_2ab516c2_uniq" ON "accounts_user_user_permissions" ("user_id", "permission_id");
CREATE INDEX IF NOT EXISTS "accounts_user_user_permissions_user_id_e4f0a161" ON "accounts_user_user_permissions" ("user_id");
CREATE INDEX IF NOT EXISTS "accounts_user_user_permissions_permission_id_113bb443" ON "accounts_user_user_permissions" ("permission_id");
CREATE INDEX IF NOT EXISTS "django_admin_log_content_type_id_c4bce8eb" ON "django_admin_log" ("content_type_id");
CREATE INDEX IF NOT EXISTS "django_admin_log_user_id_c564eba6" ON "django_admin_log" ("user_id");
CREATE INDEX IF NOT EXISTS "django_session_expire_date_a5c62663" ON "django_session" ("expire_date");
CREATE INDEX IF NOT EXISTS "user_map_details_user_id_c3ddfd43" ON "user_map_details" ("user_id");
CREATE INDEX IF NOT EXISTS "user_dog_pics_map_id_id_debca48a" ON "user_dog_pics" ("map_id_id");
CREATE INDEX IF NOT EXISTS "user_comment_missing_id_id_cec37890" ON "user_comment" ("missing_id_id");
CREATE INDEX IF NOT EXISTS "user_missing_report_missing_id_id_9834d894" ON "user_missing_report" ("missing_id_id");
CREATE INDEX IF NOT EXISTS "user_missing_report_user_id_id_e5e0b5ff" ON "user_missing_report" ("user_id_id");
CREATE INDEX IF NOT EXISTS "user_comment_user_id_id_beed72ca" ON "user_comment" ("user_id_id");
CREATE INDEX IF NOT EXISTS "user_adoption_request_adoption_id_fdb7d1d6" ON "user_adoption_request" ("adoption_id");
CREATE INDEX IF NOT EXISTS "user_adoption_request_user_id_id_9f44cec5" ON "user_adoption_request" ("user_id_id");
CREATE INDEX IF NOT EXISTS "user_missing_case_user_id_id_fc6761b4" ON "user_missing_case" ("user_id_id");
CREATE INDEX IF NOT EXISTS "user_adoption_user_id_id_440a7375" ON "user_adoption" ("user_id_id");
CREATE TABLE IF NOT EXISTS "user_missing_case" ("id" integer NOT NULL PRIMARY KEY AUTOINCREMENT, "place" varchar(250) NULL, "description" varchar(250) NOT NULL, "image" varchar(100) NULL, "status" varchar(50) NULL, "user_id_id" bigint NULL REFERENCES "accounts_user" ("id") DEFERRABLE INITIALLY DEFERRED, "breed" varchar(250) NULL, "color" varchar(250) NULL, "created_at" datetime NOT NULL, "dog_name" varchar(250) NULL, "latitude" varchar(255) NULL, "longitude" varchar(255) NULL, "owner_name" varchar(250) NULL, "phone_no" integer NOT NULL, "title" varchar(50) NULL);
INSERT INTO "user_missing_case" VALUES(10,'kottayam','missing','image/anarchy-anonymous-binary-code-wallpaper-preview.jpg','active',4,NULL,NULL,'2024-02-26 07:00:56.606351',NULL,NULL,NULL,NULL,7373773555,NULL);
INSERT INTO "user_missing_case" VALUES(17,'malapuram','Dog missed','image/-335270794.jpg','active',6,'Dash','Brown','2024-03-01 04:41:57.626884','Test4',NULL,NULL,'test4',9474284247,NULL);
INSERT INTO "user_missing_case" VALUES(18,'kottayam','missing','image/-1902780510.jpg','active',5,'Labrador','Black','2024-02-28 09:54:14.662343','Lucky',NULL,NULL,'Amal',7783722837,NULL);
INSERT INTO "user_missing_case" VALUES(20,'kollam','test','image/439759416_S6HwuBw.jpg','active',5,'Labrador','White','2024-03-01 03:13:09.583746','Julie',NULL,NULL,'mathew',7783722424,NULL);
INSERT INTO "user_missing_case" VALUES(22,'malapuram','test2','image/141232920_vN19YfU.jpg','active',6,'Dash','Brown','2024-03-01 03:19:42.868980','Test2',NULL,NULL,'Ann',1234567890,NULL);
INSERT INTO "user_missing_case" VALUES(23,'kotta','tes2','image/105267229.jpg','active',6,'test2','','2024-03-01 04:19:14.261424','Test2',NULL,NULL,'test2',7373773733,NULL);
INSERT INTO "user_missing_case" VALUES(24,'kotta','tes2','image/105267229_rrqDUGX.jpg','active',6,'test2','','2024-03-01 04:21:36.702523','Test2',NULL,NULL,'test2',7373773733,NULL);
INSERT INTO "user_missing_case" VALUES(25,'kotta','tes2','image/105267229_726lhxv.jpg','active',6,'test2','','2024-03-01 04:23:17.970902','Test2',NULL,NULL,'test2',7373773733,NULL);
INSERT INTO "user_missing_case" VALUES(26,'kotta','tes2','image/105267229_RDWEIXu.jpg','active',6,'test2','','2024-03-01 04:23:58.262923','Test2',NULL,NULL,'test2',7373773733,NULL);
INSERT INTO "user_missing_case" VALUES(27,'','ddv','image/-447966916.jpg','active',6,'Dash','','2024-03-01 04:24:55.408804','nwe',NULL,NULL,'Angel',7373577575,NULL);
INSERT INTO "user_missing_case" VALUES(28,'','ddv','image/-447966916_IvR7Te8.jpg','active',6,'Dash','','2024-03-01 04:26:09.765366','nwe',NULL,NULL,'Angel',7373577575,NULL);
INSERT INTO "user_missing_case" VALUES(29,'','ddv','image/-447966916_Img8w1t.jpg','active',6,'Dash','','2024-03-01 04:26:35.606740','nwe',NULL,NULL,'Angel',7373577575,NULL);
INSERT INTO "user_missing_case" VALUES(30,'','ddv','image/-447966916_BKpTMUN.jpg','active',6,'Dash','','2024-03-01 04:26:40.008977','nwe',NULL,NULL,'Angel',7373577575,NULL);
INSERT INTO "user_missing_case" VALUES(31,'','ddv','image/-447966916_DtSW1xk.jpg','active',6,'Dash','','2024-03-01 04:26:43.374975','nwe',NULL,NULL,'Angel',7373577575,NULL);
INSERT INTO "user_missing_case" VALUES(32,'kollam','SsSssSs','image/237033010_oBI5QQw.jpg','active',5,'Labrador','White','2024-03-01 04:42:44.222568','test5',NULL,NULL,'mathews',7783722834,NULL);
CREATE UNIQUE INDEX "django_content_type_app_label_model_76bd3d3b_uniq" ON "django_content_type" ("app_label", "model");
CREATE UNIQUE INDEX "auth_group_permissions_group_id_permission_id_0cd325b0_uniq" ON "auth_group_permissions" ("group_id", "permission_id");
CREATE INDEX IF NOT EXISTS "auth_group_permissions_group_id_b120cbf9" ON "auth_group_permissions" ("group_id");
CREATE INDEX IF NOT EXISTS "auth_group_permissions_permission_id_84c5c92e" ON "auth_group_permissions" ("permission_id");
CREATE UNIQUE INDEX "auth_permission_content_type_id_codename_01ab375a_uniq" ON "auth_permission" ("content_type_id", "codename");
CREATE INDEX IF NOT EXISTS "auth_permission_content_type_id_2f476e4b" ON "auth_permission" ("content_type_id");
CREATE UNIQUE INDEX "accounts_user_groups_user_id_group_id_59c0b32f_uniq" ON "accounts_user_groups" ("user_id", "group_id");
CREATE INDEX IF NOT EXISTS "accounts_user_groups_user_id_52b62117" ON "accounts_user_groups" ("user_id");
CREATE INDEX IF NOT EXISTS "accounts_user_groups_group_id_bd11a704" ON "accounts_user_groups" ("group_id");
CREATE UNIQUE INDEX "accounts_user_user_permissions_user_id_permission_id_2ab516c2_uniq" ON "accounts_user_user_permissions" ("user_id", "permission_id");
CREATE INDEX IF NOT EXISTS "accounts_user_user_permissions_user_id_e4f0a161" ON "accounts_user_user_permissions" ("user_id");
CREATE INDEX IF NOT EXISTS "accounts_user_user_permissions_permission_id_113bb443" ON "accounts_user_user_permissions" ("permission_id");
CREATE INDEX IF NOT EXISTS "django_admin_log_content_type_id_c4bce8eb" ON "django_admin_log" ("content_type_id");
CREATE INDEX IF NOT EXISTS "django_admin_log_user_id_c564eba6" ON "django_admin_log" ("user_id");
CREATE INDEX IF NOT EXISTS "django_session_expire_date_a5c62663" ON "django_session" ("expire_date");
CREATE INDEX IF NOT EXISTS "user_map_details_user_id_c3ddfd43" ON "user_map_details" ("user_id");
CREATE INDEX IF NOT EXISTS "user_dog_pics_map_id_id_debca48a" ON "user_dog_pics" ("map_id_id");
CREATE INDEX IF NOT EXISTS "user_comment_missing_id_id_cec37890" ON "user_comment" ("missing_id_id");
CREATE INDEX IF NOT EXISTS "user_missing_report_missing_id_id_9834d894" ON "user_missing_report" ("missing_id_id");
CREATE INDEX IF NOT EXISTS "user_missing_report_user_id_id_e5e0b5ff" ON "user_missing_report" ("user_id_id");
CREATE INDEX IF NOT EXISTS "user_comment_user_id_id_beed72ca" ON "user_comment" ("user_id_id");
CREATE INDEX IF NOT EXISTS "user_adoption_request_adoption_id_fdb7d1d6" ON "user_adoption_request" ("adoption_id");
CREATE INDEX IF NOT EXISTS "user_adoption_request_user_id_id_9f44cec5" ON "user_adoption_request" ("user_id_id");
CREATE INDEX IF NOT EXISTS "user_missing_case_user_id_id_fc6761b4" ON "user_missing_case" ("user_id_id");
CREATE INDEX IF NOT EXISTS "user_adoption_user_id_id_440a7375" ON "user_adoption" ("user_id_id");
CREATE TABLE IF NOT EXISTS "user_missing_report" ("id" integer NOT NULL PRIMARY KEY AUTOINCREMENT, "category" varchar(250) NOT NULL, "report_summery" varchar(250) NOT NULL, "date" date NOT NULL, "missing_id_id" bigint NOT NULL REFERENCES "user_missing_case" ("id") DEFERRABLE INITIALLY DEFERRED, "user_id_id" bigint NULL REFERENCES "accounts_user" ("id") DEFERRABLE INITIALLY DEFERRED);
CREATE UNIQUE INDEX "django_content_type_app_label_model_76bd3d3b_uniq" ON "django_content_type" ("app_label", "model");
CREATE UNIQUE INDEX "auth_group_permissions_group_id_permission_id_0cd325b0_uniq" ON "auth_group_permissions" ("group_id", "permission_id");
CREATE INDEX IF NOT EXISTS "auth_group_permissions_group_id_b120cbf9" ON "auth_group_permissions" ("group_id");
CREATE INDEX IF NOT EXISTS "auth_group_permissions_permission_id_84c5c92e" ON "auth_group_permissions" ("permission_id");
CREATE UNIQUE INDEX "auth_permission_content_type_id_codename_01ab375a_uniq" ON "auth_permission" ("content_type_id", "codename");
CREATE INDEX IF NOT EXISTS "auth_permission_content_type_id_2f476e4b" ON "auth_permission" ("content_type_id");
CREATE UNIQUE INDEX "accounts_user_groups_user_id_group_id_59c0b32f_uniq" ON "accounts_user_groups" ("user_id", "group_id");
CREATE INDEX IF NOT EXISTS "accounts_user_groups_user_id_52b62117" ON "accounts_user_groups" ("user_id");
CREATE INDEX IF NOT EXISTS "accounts_user_groups_group_id_bd11a704" ON "accounts_user_groups" ("group_id");
CREATE UNIQUE INDEX "accounts_user_user_permissions_user_id_permission_id_2ab516c2_uniq" ON "accounts_user_user_permissions" ("user_id", "permission_id");
CREATE INDEX IF NOT EXISTS "accounts_user_user_permissions_user_id_e4f0a161" ON "accounts_user_user_permissions" ("user_id");
CREATE INDEX IF NOT EXISTS "accounts_user_user_permissions_permission_id_113bb443" ON "accounts_user_user_permissions" ("permission_id");
CREATE INDEX IF NOT EXISTS "django_admin_log_content_type_id_c4bce8eb" ON "django_admin_log" ("content_type_id");
CREATE INDEX IF NOT EXISTS "django_admin_log_user_id_c564eba6" ON "django_admin_log" ("user_id");
CREATE INDEX IF NOT EXISTS "django_session_expire_date_a5c62663" ON "django_session" ("expire_date");
CREATE INDEX IF NOT EXISTS "user_map_details_user_id_c3ddfd43" ON "user_map_details" ("user_id");
CREATE INDEX IF NOT EXISTS "user_dog_pics_map_id_id_debca48a" ON "user_dog_pics" ("map_id_id");
CREATE INDEX IF NOT EXISTS "user_comment_missing_id_id_cec37890" ON "user_comment" ("missing_id_id");
CREATE INDEX IF NOT EXISTS "user_missing_report_missing_id_id_9834d894" ON "user_missing_report" ("missing_id_id");
CREATE INDEX IF NOT EXISTS "user_missing_report_user_id_id_e5e0b5ff" ON "user_missing_report" ("user_id_id");
CREATE INDEX IF NOT EXISTS "user_comment_user_id_id_beed72ca" ON "user_comment" ("user_id_id");
CREATE INDEX IF NOT EXISTS "user_adoption_request_adoption_id_fdb7d1d6" ON "user_adoption_request" ("adoption_id");
CREATE INDEX IF NOT EXISTS "user_adoption_request_user_id_id_9f44cec5" ON "user_adoption_request" ("user_id_id");
CREATE INDEX IF NOT EXISTS "user_missing_case_user_id_id_fc6761b4" ON "user_missing_case" ("user_id_id");
CREATE INDEX IF NOT EXISTS "user_adoption_user_id_id_440a7375" ON "user_adoption" ("user_id_id");
